timestamp,product_dropdown,description,product_name,benefits,key_message,gender,generation,psychotype,business_stage,industry,opf,chosen_approach,comment,model,prompt,final_prompt,sms,comment_sms,corrected_sms
1737640292.9417417,премиальная СберБизнес Карта Supreme,Премиальная СберБизнес Карта Supreme предоставляет больше привилегий клиенту по сравнению со стандартной дебетовой СберБизнес Картой. Количество привилегий зависит от суммы покупок по карте.,премиальная СберБизнес Карта Supreme,"Повышенные лимиты на снятие наличных и переводы на карты без комиссии.

2 прохода в бизнес-залы.

Платёжные документы без комиссии.

Возможность вернуть до 100% от суммы чеков из ресторанов в аэропортах, оплаты такси и проезда по платным дорогам бонусами СберБизнес Спасибо.

Возможность получить скидку на обслуживание карты в следующем году.","Возможность вернуть до 100% от суммы расходов на рестораны в аэропортах, такси и платные дороги.",Мужской,,,,,,Указание на пользу,SMS для данных параметров персонализации ОТСУТСТВУЕТ в базе,GigaChat-Max (T=0.87),"Напиши три или четыре предложения суммарной длиной от 160 до 250 знаков с учетом пробелов. Начни SMS с указания на пользу продукта. Используй глагол в побудительном наклонении. Не начинай с вопроса. 
Напиши рекламное SMS для следующего продукта:
«Премиальная СберБизнес Карта Supreme предоставляет больше привилегий клиенту по сравнению со стандартной дебетовой СберБизнес Картой. Количество привилегий зависит от суммы покупок по карте.».
Не изменяй название продукта: «премиальная СберБизнес Карта Supreme».
Преимущества:
«Повышенные лимиты на снятие наличных и переводы на карты без комиссии.

2 прохода в бизнес-залы.

Платёжные документы без комиссии.

Возможность вернуть до 100% от суммы чеков из ресторанов в аэропортах, оплаты такси и проезда по платным дорогам бонусами СберБизнес Спасибо.

Возможность получить скидку на обслуживание карты в следующем году.».
ОБЯЗАТЕЛЬНО включи в SMS:
1. контроль, управлять, экономия, стратегический, обеспечить.
Убедись, что написал не меньше трех и не больше четырех предложений суммарной длиной от 160 до 250 знаков с учетом пробелов.
Убедись, что SMS начинается с указания на пользу продукта и использования глагола в побудительном наклонении и не начинается с вопроса.
Убедись, что в SMS без изменений, синонимов и перестановок слов используется наименование продукта: «премиальная СберБизнес Карта Supreme».
Убедись, что в SMS есть следующая ключевая информация: «Возможность вернуть до 100% от суммы расходов на рестораны в аэропортах, такси и платные дороги.».","Напиши три или четыре предложения суммарной длиной от 160 до 250 знаков с учетом пробелов. Начни SMS с указания на пользу продукта. Используй глагол в побудительном наклонении. Не начинай с вопроса. Напиши рекламное SMS для следующего продукта:
«Премиальная СберБизнес Карта Supreme предоставляет больше привилегий клиенту по сравнению со стандартной дебетовой СберБизнес Картой. Количество привилегий зависит от суммы покупок по карте.».
Не изменяй название продукта: «премиальная СберБизнес Карта Supreme».
Преимущества:
«Повышенные лимиты на снятие наличных и переводы на карты без комиссии. 2 прохода в бизнес-залы. Платёжные документы без комиссии. Возможность вернуть до 100% от суммы чеков из ресторанов в аэропортах, оплаты такси и проезда по платным дорогам бонусами СберБизнес Спасибо. Возможность получить скидку на обслуживание карты в следующем году.».
ОБЯЗАТЕЛЬНО включи в SMS:
1. контроль, управлять, экономия, стратегический, обеспечить.
Убедись, что написал не меньше трех и не больше четырех предложений суммарной длиной от 160 до 250 знаков с учетом пробелов.
Убедись, что SMS начинается с указания на пользу продукта и использования глагола в побудительном наклонении и не начинается с вопроса.
Убедись, что в SMS без изменений, синонимов и перестановок слов используется наименование продукта: «премиальная СберБизнес Карта Supreme».
Убедись, что в SMS есть следующая ключевая информация: «Возможность вернуть до 100% от суммы расходов на рестораны в аэропортах, такси и платные дороги.».","Откройте новые возможности с премиальной СберБизнес Картой Supreme! Управляйте финансами эффективнее благодаря повышенным лимитам на снятие наличных и переводы без комиссии. Экономьте время и ресурсы с бесплатными платёжными документами.

------
Количество знаков: 237","Удалить: контроль
Не выполнено условие: Убедись, что в SMS есть следующая ключевая информация: «Возможность вернуть до 100% от суммы расходов на рестораны в аэропортах, такси и платные дороги.».","Откройте новые возможности с премиальной СберБизнес Картой Supreme! Повышенные лимиты на снятие наличных, переводы без комиссии и возможность вернуть до 100% от суммы расходов на рестораны в аэропортах, такси и платные дороги."
1737641077.8082263,премиальная СберБизнес Карта Supreme,Премиальная СберБизнес Карта Supreme предоставляет больше привилегий клиенту по сравнению со стандартной дебетовой СберБизнес Картой. Количество привилегий зависит от суммы покупок по карте.,премиальная СберБизнес Карта Supreme,"Повышенные лимиты на снятие наличных и переводы на карты без комиссии.

2 прохода в бизнес-залы.

Платёжные документы без комиссии.

Возможность вернуть до 100% от суммы чеков из ресторанов в аэропортах, оплаты такси и проезда по платным дорогам бонусами СберБизнес Спасибо.

Возможность получить скидку на обслуживание карты в следующем году.","Возможность вернуть до 100% от суммы расходов на рестораны в аэропортах, такси и платные дороги.",Мужской,X,,,,,Указание на пользу,SMS для данных параметров персонализации ОТСУТСТВУЕТ в базе,GigaChat-Pro (T=0.87),"Напиши три или четыре предложения суммарной длиной от 160 до 250 знаков с учетом пробелов. Начни SMS с указания на пользу продукта. Используй глагол в побудительном наклонении. Не начинай с вопроса. 
Напиши рекламное SMS для следующего продукта:
«Премиальная СберБизнес Карта Supreme предоставляет больше привилегий клиенту по сравнению со стандартной дебетовой СберБизнес Картой. Количество привилегий зависит от суммы покупок по карте.».
Не изменяй название продукта: «премиальная СберБизнес Карта Supreme».
Преимущества:
«Повышенные лимиты на снятие наличных и переводы на карты без комиссии.

2 прохода в бизнес-залы.

Платёжные документы без комиссии.

Возможность вернуть до 100% от суммы чеков из ресторанов в аэропортах, оплаты такси и проезда по платным дорогам бонусами СберБизнес Спасибо.

Возможность получить скидку на обслуживание карты в следующем году.».
ОБЯЗАТЕЛЬНО используй в SMS один или несколько терминов, касающиеся клиента, которому направляется SMS, из КАЖДОЙ группы:
1. контроль, управлять, экономия, стратегический, обеспечить.
2. надежность, стабильность, опыт.
Убедись, что написал не меньше трех и не больше четырех предложений суммарной длиной от 160 до 250 знаков с учетом пробелов.
Убедись, что SMS начинается с указания на пользу продукта и использования глагола в побудительном наклонении и не начинается с вопроса.
Убедись, что УМЕСТНО использовал КАЖДЫЙ необходимый термин.
Убедись, что в SMS без изменений, синонимов и перестановок слов используется наименование продукта: «премиальная СберБизнес Карта Supreme».
Убедись, что в SMS есть следующая ключевая информация: «Возможность вернуть до 100% от суммы расходов на рестораны в аэропортах, такси и платные дороги.».","Напиши три или четыре предложения суммарной длиной от 160 до 250 знаков с учетом пробелов. Начни SMS с указания на пользу продукта. Используй глагол в побудительном наклонении. Не начинай с вопроса. Напиши рекламное SMS для следующего продукта:
«Премиальная СберБизнес Карта Supreme предоставляет больше привилегий клиенту по сравнению со стандартной дебетовой СберБизнес Картой. Количество привилегий зависит от суммы покупок по карте.».
Не изменяй название продукта: «премиальная СберБизнес Карта Supreme».
Преимущества:
«Повышенные лимиты на снятие наличных и переводы на карты без комиссии. 2 прохода в бизнес-залы. Платёжные документы без комиссии. Возможность вернуть до 100% от суммы чеков из ресторанов в аэропортах, оплаты такси и проезда по платным дорогам бонусами СберБизнес Спасибо. Возможность получить скидку на обслуживание карты в следующем году.».
ОБЯЗАТЕЛЬНО используй в SMS один или несколько терминов, касающиеся клиента, которому направляется SMS, из КАЖДОЙ группы:
1. контроль, управлять, экономия, стратегический, обеспечить.
2. надежность, стабильность, опыт.
Убедись, что написал не меньше трех и не больше четырех предложений суммарной длиной от 160 до 250 знаков с учетом пробелов.
Убедись, что SMS начинается с указания на пользу продукта и использования глагола в побудительном наклонении и не начинается с вопроса.
Убедись, что УМЕСТНО использовал КАЖДЫЙ необходимый термин.
Убедись, что в SMS без изменений, синонимов и перестановок слов используется наименование продукта: «премиальная СберБизнес Карта Supreme».
Убедись, что в SMS есть следующая ключевая информация: «Возможность вернуть до 100% от суммы расходов на рестораны в аэропортах, такси и платные дороги.».","Премиальная СберБизнес Card Supreme поможет вам контролировать расходы и экономить! Больше привилегий при покупках, повышенные лимиты на снятие наличных и бесплатные переводы.

------
Количество знаков: 175","Не выполнено условие: Убедись, что в SMS есть следующая ключевая информация: «Возможность вернуть до 100% от суммы расходов на рестораны в аэропортах, такси и платные дороги.».
Неверно написано название продукта
Убрать из гр.1: контроль
Добавить в гр.1: контролировать","Контролируйте расходы и экономьте с премиальной СберБизнес Картой Supreme! Больше привилегий при покупках, повышенные лимиты на снятие наличных и возможность вернуть до 100% от суммы расходов на рестораны в аэропортах, такси и платные дороги."
1737642294.3456657,премиальная СберБизнес Карта Supreme,Премиальная СберБизнес Карта Supreme предоставляет больше привилегий клиенту по сравнению со стандартной дебетовой СберБизнес Картой. Количество привилегий зависит от суммы покупок по карте.,премиальная СберБизнес Карта Supreme,"Повышенные лимиты на снятие наличных и переводы на карты без комиссии.

2 прохода в бизнес-залы.

Платёжные документы без комиссии.

Возможность вернуть до 100% от суммы чеков из ресторанов в аэропортах, оплаты такси и проезда по платным дорогам бонусами СберБизнес Спасибо.

Возможность получить скидку на обслуживание карты в следующем году.","Возможность вернуть до 100% от суммы расходов на рестораны в аэропортах, такси и платные дороги.",Мужской,Y,,,Не выбрано,Не выбрано,Указание на пользу,SMS для данных параметров персонализации ОТСУТСТВУЕТ в базе,GigaChat-Pro (T=0.87),"Напиши три или четыре предложения суммарной длиной от 160 до 250 знаков с учетом пробелов. Начни SMS с указания на пользу продукта. Используй глагол в побудительном наклонении. Не начинай с вопроса. 
Напиши рекламное SMS для следующего продукта:
«Премиальная СберБизнес Карта Supreme предоставляет больше привилегий клиенту по сравнению со стандартной дебетовой СберБизнес Картой. Количество привилегий зависит от суммы покупок по карте.».
Не изменяй название продукта: «премиальная СберБизнес Карта Supreme».
Преимущества:
«Повышенные лимиты на снятие наличных и переводы на карты без комиссии.

2 прохода в бизнес-залы.

Платёжные документы без комиссии.

Возможность вернуть до 100% от суммы чеков из ресторанов в аэропортах, оплаты такси и проезда по платным дорогам бонусами СберБизнес Спасибо.

Возможность получить скидку на обслуживание карты в следующем году.».
ОБЯЗАТЕЛЬНО используй в SMS один или несколько терминов, касающиеся клиента, которому направляется SMS, из КАЖДОЙ группы:
1. контроль, управлять, экономия, стратегический, обеспечить.
2. простота, бонус, скидка, эффективный.
Убедись, что написал не меньше трех и не больше четырех предложений суммарной длиной от 160 до 250 знаков с учетом пробелов.
Убедись, что SMS начинается с указания на пользу продукта и использования глагола в побудительном наклонении и не начинается с вопроса.
Убедись, что УМЕСТНО использовал КАЖДЫЙ необходимый термин.
Убедись, что в SMS без изменений, синонимов и перестановок слов используется наименование продукта: «премиальная СберБизнес Карта Supreme».
Убедись, что в SMS есть следующая ключевая информация: «Возможность вернуть до 100% от суммы расходов на рестораны в аэропортах, такси и платные дороги.».","Напиши три или четыре предложения суммарной длиной от 160 до 250 знаков с учетом пробелов. Начни SMS с указания на пользу продукта. Используй глагол в побудительном наклонении. Не начинай с вопроса. Напиши рекламное SMS для следующего продукта:
«Премиальная СберБизнес Карта Supreme предоставляет больше привилегий клиенту по сравнению со стандартной дебетовой СберБизнес Картой. Количество привилегий зависит от суммы покупок по карте.».
Не изменяй название продукта: «премиальная СберБизнес Карта Supreme».
Преимущества:
«Повышенные лимиты на снятие наличных и переводы на карты без комиссии. 2 прохода в бизнес-залы. Платёжные документы без комиссии. Возможность вернуть до 100% от суммы чеков из ресторанов в аэропортах, оплаты такси и проезда по платным дорогам бонусами СберБизнес Спасибо. Возможность получить скидку на обслуживание карты в следующем году.».
ОБЯЗАТЕЛЬНО используй в SMS один или несколько терминов, касающиеся клиента, которому направляется SMS, из КАЖДОЙ группы:
1. контроль, управлять, экономия, стратегический, обеспечить.
2. простота, бонус, скидка, эффективный.
Убедись, что написал не меньше трех и не больше четырех предложений суммарной длиной от 160 до 250 знаков с учетом пробелов.
Убедись, что SMS начинается с указания на пользу продукта и использования глагола в побудительном наклонении и не начинается с вопроса.
Убедись, что УМЕСТНО использовал КАЖДЫЙ необходимый термин.
Убедись, что в SMS без изменений, синонимов и перестановок слов используется наименование продукта: «премиальная СберБизнес Карта Supreme».
Убедись, что в SMS есть следующая ключевая информация: «Возможность вернуть до 100% от суммы расходов на рестораны в аэропортах, такси и платные дороги.».","Экономьте с премиальной СберБизнес Картой Supreme! Больше привилегий при управлении финансами вашего бизнеса. Возвращайте до 100% от расходов на рестораны в аэропортах, такси и платные дороги бонусами «СберБизнес Спасибо».

------
Количество знаков: 222",,"Экономьте с премиальной СберБизнес Картой Supreme!  Бесплатное посещение бизнес-залов и возможность вернуть до 100% от сумм расходов на рестораны в аэропортах, такси и платные дороги бонусами СберБизнес Спасибо."
1737703360.981307,премиальная СберБизнес Карта Supreme,Премиальная СберБизнес Карта Supreme предоставляет больше привилегий клиенту по сравнению со стандартной дебетовой СберБизнес Картой. Количество привилегий зависит от суммы покупок по карте.,премиальная СберБизнес Карта Supreme,"Повышенные лимиты на снятие наличных и переводы на карты без комиссии.

2 прохода в бизнес-залы.

Платёжные документы без комиссии.

Возможность вернуть до 100% от суммы чеков из ресторанов в аэропортах, оплаты такси и проезда по платным дорогам бонусами СберБизнес Спасибо.

Возможность получить скидку на обслуживание карты в следующем году.","Возможность вернуть до 100% от суммы расходов на рестораны в аэропортах, такси и платные дороги.",Женский,Z,,,,,"Призыв к действию, Вопрос",SMS для данных параметров персонализации ОТСУТСТВУЕТ в базе,GigaChat-Max (T=1.0),"Напиши три или четыре предложения суммарной длиной от 160 до 250 знаков с учетом пробелов. Начни SMS с призыва к действию с продуктом. Не начинай с вопроса / Начни сообщение с вопроса, который указывает на пользу продукта для клиента. 
Обратись в SMS на ты. Напиши рекламное SMS для следующего продукта:
«Премиальная СберБизнес Карта Supreme предоставляет больше привилегий клиенту по сравнению со стандартной дебетовой СберБизнес Картой. Количество привилегий зависит от суммы покупок по карте.».
Не изменяй название продукта: «премиальная СберБизнес Карта Supreme».
Преимущества:
«Повышенные лимиты на снятие наличных и переводы на карты без комиссии.

2 прохода в бизнес-залы.

Платёжные документы без комиссии.

Возможность вернуть до 100% от суммы чеков из ресторанов в аэропортах, оплаты такси и проезда по платным дорогам бонусами СберБизнес Спасибо.

Возможность получить скидку на обслуживание карты в следующем году.».
ОБЯЗАТЕЛЬНО включи в SMS:
1. комфорт, вдохновение, представьте, наслаждаться.
2. тренд, лайфхак, свобода, яркий.
Убедись, что написал не меньше трех и не больше четырех предложений суммарной длиной от 160 до 250 знаков с учетом пробелов.
Убедись, что готовый текст начинается с призыва к действию с продуктом и не начинается с вопроса / Убедись, что готовый текст начинается с вопроса, который указывает на пользу продукта для клиента.
Убедись, что в SMS без изменений, синонимов и перестановок слов используется наименование продукта: «премиальная СберБизнес Карта Supreme».
Убедись, что в SMS есть следующая ключевая информация: «Возможность вернуть до 100% от суммы расходов на рестораны в аэропортах, такси и платные дороги.».","Напиши три или четыре предложения суммарной длиной от 160 до 250 знаков с учетом пробелов. Начни SMS с призыва к действию с продуктом. Не начинай с вопроса. Обратись в SMS на ты. Напиши рекламное SMS для следующего продукта:
«Премиальная СберБизнес Карта Supreme предоставляет больше привилегий клиенту по сравнению со стандартной дебетовой СберБизнес Картой. Количество привилегий зависит от суммы покупок по карте.».
Не изменяй название продукта: «премиальная СберБизнес Карта Supreme».
Преимущества:
«Повышенные лимиты на снятие наличных и переводы на карты без комиссии. 2 прохода в бизнес-залы. Платёжные документы без комиссии. Возможность вернуть до 100% от суммы чеков из ресторанов в аэропортах, оплаты такси и проезда по платным дорогам бонусами СберБизнес Спасибо. Возможность получить скидку на обслуживание карты в следующем году.».
ОБЯЗАТЕЛЬНО включи в SMS:
1. комфорт, вдохновение, представьте, наслаждаться.
2. тренд, лайфхак, свобода, яркий.
Убедись, что написал не меньше трех и не больше четырех предложений суммарной длиной от 160 до 250 знаков с учетом пробелов.
Убедись, что готовый текст начинается с призыва к действию с продуктом и не начинается с вопроса.
Убедись, что в SMS без изменений, синонимов и перестановок слов используется наименование продукта: «премиальная СберБизнес Карта Supreme».
Убедись, что в SMS есть следующая ключевая информация: «Возможность вернуть до 100% от суммы расходов на рестораны в аэропортах, такси и платные дороги.».","Открой для себя премиальную СберБизнес Карту Supreme! Наслаждайся свободой и яркими привилегиями: возвращай до 100% от трат в ресторанах аэропортов, такси и платных дорог. Представь, как комфортно путешествовать с двумя проходами в бизнес-залы.

------
Количество знаков: 244",Удалить: представь,"Открой для себя премиальную СберБизнес Карту Supreme! Наслаждайся возможностями и свободой: возвращай до 100% от сумм расходов в ресторанах аэропортов, такси, платных дорог и посещай бизнес-залы бесплатно."
1737707327.9722915,премиальная СберБизнес Карта Supreme,Премиальная СберБизнес Карта Supreme предоставляет больше привилегий клиенту по сравнению со стандартной дебетовой СберБизнес Картой. Количество привилегий зависит от суммы покупок по карте.,премиальная СберБизнес Карта Supreme,"Повышенные лимиты на снятие наличных и переводы на карты без комиссии.

2 прохода в бизнес-залы.

Платёжные документы без комиссии.

Возможность вернуть до 100% от суммы чеков из ресторанов в аэропортах, оплаты такси и проезда по платным дорогам бонусами СберБизнес Спасибо.

Возможность получить скидку на обслуживание карты в следующем году.","Возможность вернуть до 100% от суммы расходов на рестораны в аэропортах, такси и платные дороги.",Не выбрано,X,,,Не выбрано,Не выбрано,Указание на пользу,SMS для данных параметров персонализации ОТСУТСТВУЕТ в базе,GigaChat-Max (T=1.0),"Напиши три или четыре предложения суммарной длиной от 160 до 250 знаков с учетом пробелов. Начни SMS с указания на пользу продукта. Используй глагол в побудительном наклонении. Не начинай с вопроса. 
Напиши рекламное SMS для следующего продукта:
«Премиальная СберБизнес Карта Supreme предоставляет больше привилегий клиенту по сравнению со стандартной дебетовой СберБизнес Картой. Количество привилегий зависит от суммы покупок по карте.».
Не изменяй название продукта: «премиальная СберБизнес Карта Supreme».
Преимущества:
«Повышенные лимиты на снятие наличных и переводы на карты без комиссии.

2 прохода в бизнес-залы.

Платёжные документы без комиссии.

Возможность вернуть до 100% от суммы чеков из ресторанов в аэропортах, оплаты такси и проезда по платным дорогам бонусами СберБизнес Спасибо.

Возможность получить скидку на обслуживание карты в следующем году.».
ОБЯЗАТЕЛЬНО включи в SMS:
1. надежность, стабильность, опыт.
Убедись, что написал не меньше трех и не больше четырех предложений суммарной длиной от 160 до 250 знаков с учетом пробелов.
Убедись, что SMS начинается с указания на пользу продукта и использования глагола в побудительном наклонении и не начинается с вопроса.
Убедись, что в SMS без изменений, синонимов и перестановок слов используется наименование продукта: «премиальная СберБизнес Карта Supreme».
Убедись, что в SMS есть следующая ключевая информация: «Возможность вернуть до 100% от суммы расходов на рестораны в аэропортах, такси и платные дороги.».","Напиши три или четыре предложения суммарной длиной от 160 до 250 знаков с учетом пробелов. Начни SMS с указания на пользу продукта. Используй глагол в побудительном наклонении. Не начинай с вопроса. Напиши рекламное SMS для следующего продукта:
«Премиальная СберБизнес Карта Supreme предоставляет больше привилегий клиенту по сравнению со стандартной дебетовой СберБизнес Картой. Количество привилегий зависит от суммы покупок по карте.».
Не изменяй название продукта: «премиальная СберБизнес Карта Supreme».
Преимущества:
«Повышенные лимиты на снятие наличных и переводы на карты без комиссии. 2 прохода в бизнес-залы. Платёжные документы без комиссии. Возможность вернуть до 100% от суммы чеков из ресторанов в аэропортах, оплаты такси и проезда по платным дорогам бонусами СберБизнес Спасибо. Возможность получить скидку на обслуживание карты в следующем году.».
ОБЯЗАТЕЛЬНО включи в SMS:
1. надежность, стабильность, опыт.
Убедись, что написал не меньше трех и не больше четырех предложений суммарной длиной от 160 до 250 знаков с учетом пробелов.
Убедись, что SMS начинается с указания на пользу продукта и использования глагола в побудительном наклонении и не начинается с вопроса.
Убедись, что в SMS без изменений, синонимов и перестановок слов используется наименование продукта: «премиальная СберБизнес Карта Supreme».
Убедись, что в SMS есть следующая ключевая информация: «Возможность вернуть до 100% от суммы расходов на рестораны в аэропортах, такси и платные дороги.».","Откройте для себя премиальную СберБизнес Карту Supreme — повышенные лимиты на снятие наличных и переводы без комиссии, 2 прохода в бизнес-залы, платёжные документы без комиссий.

------
Количество знаков: 177","Добавить: надёжный
Нет ключевой информации: «Возможность вернуть до 100% от суммы расходов на рестораны в аэропортах, такси и платные дороги.»","Откройте для себя премиальную СберБизнес Карту Supreme — надёжный помощник и большие привилегии. Используйте возможность вернуть до 100% от суммы расходов на рестораны в аэропортах, такси и платные дороги, а ещё 2 бесплатных прохода в бизнес-залы."
